{
  "description": "项目私有配置文件。此文件中的内容将覆盖 project.config.json 中的相同字段。项目的改动优先同步到此文件中。详见文档：https://developers.weixin.qq.com/miniprogram/dev/devtools/projectconfig.html",
  "projectname": "frontend",
  "setting": {
    "compileHotReLoad": true
  },
  "condition": {
    "miniprogram": {
      "list": [
        {
          "name": "",
          "pathName": "pages/senior/APP/APP",
          "query": "",
          "launchMode": "default",
          "scene": null
        },
        {
          "name": "",
          "pathName": "pages/senior/smart_service/smart_service",
          "query": "",
          "launchMode": "default",
          "scene": null
        },
        {
          "name": "",
          "pathName": "pages/role_choose/role_choose",
          "query": "",
          "launchMode": "default",
          "scene": null
        },
        {
          "name": "",
          "pathName": "pages/senior/request_post/request_post",
          "query": "",
          "launchMode": "default",
          "scene": null
        },
        {
          "name": "",
          "pathName": "pages/senior/events_index/events_index",
          "query": "",
          "launchMode": "default",
          "scene": null
        },
        {
          "name": "",
          "pathName": "pages/login/login",
          "query": "",
          "launchMode": "default",
          "scene": null
        },
        {
          "name": "",
          "pathName": "pages/senior/login_senior/login_senior",
          "query": "",
          "launchMode": "default",
          "scene": null
        },
        {
          "name": "",
          "pathName": "pages/senior/index_senior/index_senior",
          "query": "",
          "launchMode": "default",
          "scene": null
        }
      ]
    }
  },
  "libVersion": "2.19.6"
}